name,label
data/cs/00000069.jpg,cs
data/cs/00000013.jpg,cs
data/cs/00000059.png,cs
data/cs/00000232.jpg,cs
data/cs/00000374.jpeg,cs
data/cs/00000343.jpg,cs
data/cs/00000138.jpg,cs
data/cs/00000081.jpg,cs
data/cs/00000364.jpg,cs
data/cs/00000154.jpg,cs
data/cs/00000199.jpg,cs
data/cs/00000007.jpg,cs
data/cs/00000211.jpg,cs
data/cs/00000188.jpg,cs
data/cs/00000129.jpg,cs
data/cs/00000172.PNG,cs
data/cs/00000331.jpg,cs
data/cs/00000020.jpg,cs
data/cs/00000084.jpg,cs
data/cs/00000080.png,cs
data/cs/00000136.jpg,cs
data/cs/00000030.jpg,cs
data/cs/00000233.jpg,cs
data/cs/00000336.jpg,cs
data/cs/00000044.jpg,cs
data/cs/00000297.png,cs
data/cs/00000305.jpg,cs
data/cs/00000272.jpg,cs
data/cs/00000054.jpg,cs
data/cs/00000122.jpg,cs
data/cs/00000012.jpg,cs
data/cs/00000011.jpg,cs
data/cs/00000230.jpg,cs
data/cs/00000296.jpg,cs
data/cs/00000142.jpg,cs
data/cs/00000245.jpg,cs
data/cs/00000089.jpg,cs
data/cs/00000302.jpg,cs
data/cs/00000372.png,cs
data/cs/00000156.jpg,cs
data/cs/00000166.jpg,cs
data/cs/00000052.jpg,cs
data/cs/00000269.jpg,cs
data/cs/00000303.jpg,cs
data/cs/00000205.jpg,cs
data/cs/00000155.jpg,cs
data/cs/00000361.jpg,cs
data/cs/00000323.jpg,cs
data/cs/00000227.jpeg,cs
data/cs/00000169.jpg,cs
data/cs/00000248.jpg,cs
data/cs/00000127.png,cs
data/cs/00000293.jpg,cs
data/cs/00000143.jpg,cs
data/cs/00000103.jpg,cs
data/cs/00000264.jpg,cs
data/cs/00000071.jpg,cs
data/cs/00000249.jpg,cs
data/cs/00000396.jpg,cs
data/cs/00000046.jpg,cs
data/cs/00000366.jpg,cs
data/cs/00000373.jpg,cs
data/cs/00000283.jpg,cs
data/cs/00000384.jpg,cs
data/cs/00000395.jpg,cs
data/cs/00000035.jpg,cs
data/cs/00000049.jpg,cs
data/cs/00000399.jpg,cs
data/cs/00000116.jpg,cs
data/cs/00000251.jpg,cs
data/cs/00000239.jpg,cs
data/cs/00000070.jpg,cs
data/cs/00000192.jpg,cs
data/cs/00000318.PNG,cs
data/cs/00000110.jpg,cs
data/cs/00000300.jpg,cs
data/cs/00000065.jpg,cs
data/cs/00000177.jpg,cs
data/cs/00000266.jpeg,cs
data/cs/00000063.jpg,cs
data/cs/00000183.jpg,cs
data/cs/00000243.jpg,cs
data/cs/00000034.jpg,cs
data/cs/00000240.jpg,cs
data/cs/00000275.jpg,cs
data/cs/00000381.jpg,cs
data/cs/00000015.jpg,cs
data/cs/00000006.jpg,cs
data/cs/00000153.jpg,cs
data/cs/00000186.jpg,cs
data/cs/00000376.jpeg,cs
data/cs/00000229.jpg,cs
data/cs/00000179.jpg,cs
data/cs/00000056.jpg,cs
data/cs/00000220.jpg,cs
data/cs/00000151.jpg,cs
data/cs/00000152.jpg,cs
data/cs/00000050.jpg,cs
data/cs/00000225.png,cs
data/cs/00000281.jpg,cs
data/cs/00000370.jpg,cs
data/cs/00000347.png,cs
data/cs/00000088.jpg,cs
data/cs/00000231.jpg,cs
data/cs/00000204.jpg,cs
data/cs/00000047.jpg,cs
data/cs/00000339.jpeg,cs
data/cs/00000280.jpg,cs
data/cs/00000367.jpg,cs
data/cs/00000196.jpg,cs
data/cs/00000215.jpg,cs
data/cs/00000135.jpg,cs
data/cs/00000357.jpg,cs
data/cs/00000197.jpg,cs
data/cs/00000397.jpg,cs
data/cs/00000079.jpg,cs
data/cs/00000184.jpg,cs
data/cs/00000334.jpg,cs
data/cs/00000276.jpg,cs
data/cs/00000310.jpg,cs
data/cs/00000026.jpg,cs
data/cs/00000311.jpg,cs
data/cs/00000021.jpg,cs
data/cs/00000113.jpg,cs
data/cs/00000108.jpg,cs
data/cs/00000130.jpg,cs
data/cs/00000383.jpeg,cs
data/cs/00000327.jpg,cs
data/cs/00000298.jpg,cs
data/cs/00000247.jpg,cs
data/cs/00000363.jpg,cs
data/cs/00000029.jpg,cs
data/cs/00000048.jpg,cs
data/cs/00000117.jpg,cs
data/cs/00000146.jpg,cs
data/cs/00000262.jpg,cs
data/cs/00000368.jpg,cs
data/cs/00000096.jpg,cs
data/cs/00000124.jpg,cs
data/cs/00000170.jpg,cs
data/cs/00000392.jpg,cs
data/cs/00000111.jpg,cs
data/cs/00000185.jpg,cs
data/cs/00000042.jpg,cs
data/cs/00000028.jpg,cs
data/cs/00000329.jpg,cs
data/cs/00000241.jpg,cs
data/cs/00000202.PNG,cs
data/cs/00000378.jpg,cs
data/cs/00000190.jpg,cs
data/cs/00000316.jpg,cs
data/cs/00000238.jpg,cs
data/cs/00000278.jpg,cs
data/cs/00000077.jpg,cs
data/cs/00000161.jpg,cs
data/cs/00000250.jpg,cs
data/cs/00000147.jpg,cs
data/cs/00000356.jpg,cs
data/cs/00000074.jpg,cs
data/cs/00000167.jpg,cs
data/cs/00000223.jpg,cs
data/cs/00000114.jpg,cs
data/cs/00000174.jpg,cs
data/cs/00000003.jpg,cs
data/cs/00000255.jpg,cs
data/cs/00000132.png,cs
data/cs/00000277.jpg,cs
data/cs/00000273.jpg,cs
data/cs/00000320.jpg,cs
data/cs/00000095.jpg,cs
data/cs/00000159.jpg,cs
data/cs/00000140.jpg,cs
data/cs/00000083.png,cs
data/cs/00000109.jpg,cs
data/cs/00000036.jpg,cs
data/cs/00000206.jpg,cs
data/cs/00000060.jpg,cs
data/cs/00000256.jpg,cs
data/cs/00000259.jpeg,cs
data/cs/00000352.jpg,cs
data/cs/00000091.jpg,cs
data/cs/00000198.jpg,cs
data/cs/00000058.jpg,cs
data/cs/00000032.jpg,cs
data/cs/00000380.jpg,cs
data/cs/00000066.jpg,cs
data/cs/00000107.jpg,cs
data/cs/00000362.jpg,cs
data/cs/00000222.jpg,cs
data/cs/00000214.jpeg,cs
data/cs/00000295.jpg,cs
data/cs/00000171.jpg,cs
data/cs/00000212.jpg,cs
data/cs/00000118.jpg,cs
data/cs/00000017.jpg,cs
data/cs/00000078.jpg,cs
data/cs/00000076.jpg,cs
data/cs/00000282.jpg,cs
data/cs/00000104.jpg,cs
data/cs/00000244.jpg,cs
data/cs/00000180.png,cs
data/cs/00000187.jpg,cs
data/cs/00000224.jpg,cs
data/cs/00000299.jpg,cs
data/cs/00000075.jpg,cs
data/cs/00000164.jpg,cs
data/cs/00000134.jpg,cs
data/cs/00000165.jpg,cs
data/cs/00000125.jpg,cs
data/cs/00000139.jpg,cs
data/cs/00000328.jpg,cs
data/cs/00000005.jpg,cs
data/cs/00000207.jpg,cs
data/cs/00000228.jpg,cs
data/cs/00000061.jpg,cs
data/cs/00000306.jpg,cs
data/cs/00000025.jpg,cs
data/cs/00000290.jpg,cs
data/cs/00000027.png,cs
data/cs/00000145.jpg,cs
data/cs/00000254.jpg,cs
data/cs/00000141.jpg,cs
data/cs/00000101.jpg,cs
data/cs/00000051.jpg,cs
data/cs/00000322.jpg,cs
data/cs/00000038.png,cs
data/cs/00000037.jpg,cs
data/cs/00000085.jpg,cs
data/cs/00000385.jpg,cs
data/cs/00000217.jpg,cs
data/cs/00000106.jpg,cs
data/cs/00000090.jpg,cs
data/cs/00000195.jpg,cs
data/cs/00000014.jpg,cs
data/cs/00000253.jpeg,cs
data/cs/00000268.png,cs
data/cs/00000265.jpg,cs
data/cs/00000173.jpg,cs
data/cs/00000019.jpg,cs
data/cs/00000307.jpg,cs
data/cs/00000270.jpg,cs
data/cs/00000358.jpeg,cs
data/cs/00000043.jpg,cs
data/cs/00000261.jpg,cs
data/cs/00000258.jpg,cs
data/cs/00000219.jpg,cs
data/cs/00000098.jpg,cs
data/cs/00000087.jpg,cs
data/cs/00000004.jpg,cs
data/cs/00000099.jpg,cs
data/cod/00000069.jpg,cod
data/cod/00000013.jpg,cod
data/cod/00000232.jpg,cod
data/cod/00000227.jpg,cod
data/cod/00000343.jpg,cod
data/cod/00000055.jpg,cod
data/cod/00000157.jpg,cod
data/cod/00000081.jpg,cod
data/cod/00000009.jpg,cod
data/cod/00000364.jpg,cod
data/cod/00000154.jpg,cod
data/cod/00000211.jpg,cod
data/cod/00000188.jpg,cod
data/cod/00000129.jpg,cod
data/cod/00000331.jpg,cod
data/cod/00000020.jpg,cod
data/cod/00000285.jpg,cod
data/cod/00000136.jpg,cod
data/cod/00000123.jpg,cod
data/cod/00000259.jpg,cod
data/cod/00000242.jpg,cod
data/cod/00000336.jpg,cod
data/cod/00000101.png,cod
data/cod/00000044.jpg,cod
data/cod/00000084.png,cod
data/cod/00000382.jpg,cod
data/cod/00000337.jpg,cod
data/cod/00000391.jpg,cod
data/cod/00000181.jpg,cod
data/cod/00000016.jpg,cod
data/cod/00000305.jpg,cod
data/cod/00000222.png,cod
data/cod/00000272.jpg,cod
data/cod/00000072.jpg,cod
data/cod/00000054.jpg,cod
data/cod/00000122.jpg,cod
data/cod/00000325.jpg,cod
data/cod/00000012.jpg,cod
data/cod/00000297.jpg,cod
data/cod/00000011.jpg,cod
data/cod/00000230.jpg,cod
data/cod/00000296.jpg,cod
data/cod/00000051.png,cod
data/cod/00000292.png,cod
data/cod/00000189.jpg,cod
data/cod/00000245.jpg,cod
data/cod/00000089.jpg,cod
data/cod/00000371.jpg,cod
data/cod/00000324.jpg,cod
data/cod/00000156.jpg,cod
data/cod/00000294.jpg,cod
data/cod/00000376.jpg,cod
data/cod/00000166.jpg,cod
data/cod/00000094.jpg,cod
data/cod/00000052.jpg,cod
data/cod/00000318.jpg,cod
data/cod/00000082.jpg,cod
data/cod/00000205.jpg,cod
data/cod/00000312.jpg,cod
data/cod/00000155.jpg,cod
data/cod/00000180.jpg,cod
data/cod/00000323.jpg,cod
data/cod/00000001.jpg,cod
data/cod/00000138.jpeg,cod
data/cod/00000377.jpg,cod
data/cod/00000213.jpg,cod
data/cod/00000045.jpg,cod
data/cod/00000313.jpg,cod
data/cod/00000201.jpg,cod
data/cod/00000274.jpg,cod
data/cod/00000293.jpg,cod
data/cod/00000335.jpg,cod
data/cod/00000234.jpg,cod
data/cod/00000264.jpg,cod
data/cod/00000267.jpg,cod
data/cod/00000249.jpg,cod
data/cod/00000396.jpg,cod
data/cod/00000040.jpg,cod
data/cod/00000046.jpg,cod
data/cod/00000375.jpg,cod
data/cod/00000283.jpg,cod
data/cod/00000384.jpg,cod
data/cod/00000395.jpg,cod
data/cod/00000350.jpg,cod
data/cod/00000182.jpg,cod
data/cod/00000035.jpg,cod
data/cod/00000202.jpg,cod
data/cod/00000116.jpg,cod
data/cod/00000251.jpg,cod
data/cod/00000192.jpg,cod
data/cod/00000110.jpg,cod
data/cod/00000065.jpg,cod
data/cod/00000398.jpg,cod
data/cod/00000177.jpg,cod
data/cod/00000369.jpg,cod
data/cod/00000105.png,cod
data/cod/00000150.jpg,cod
data/cod/00000120.jpg,cod
data/cod/00000063.jpg,cod
data/cod/00000131.jpg,cod
data/cod/00000183.jpg,cod
data/cod/00000034.jpg,cod
data/cod/00000240.jpg,cod
data/cod/00000275.jpg,cod
data/cod/00000381.jpg,cod
data/cod/00000015.jpg,cod
data/cod/00000178.jpg,cod
data/cod/00000006.jpg,cod
data/cod/00000153.jpg,cod
data/cod/00000194.jpg,cod
data/cod/00000229.jpg,cod
data/cod/00000218.jpg,cod
data/cod/00000399.png,cod
data/cod/00000179.jpg,cod
data/cod/00000056.jpg,cod
data/cod/00000220.jpg,cod
data/cod/00000151.jpg,cod
data/cod/00000152.jpg,cod
data/cod/00000050.jpg,cod
data/cod/00000281.jpg,cod
data/cod/00000370.jpg,cod
data/cod/00000088.jpg,cod
data/cod/00000083.jpg,cod
data/cod/00000231.jpg,cod
data/cod/00000214.jpg,cod
data/cod/00000204.jpg,cod
data/cod/00000075.png,cod
data/cod/00000367.jpg,cod
data/cod/00000196.jpg,cod
data/cod/00000158.jpg,cod
data/cod/00000097.jpg,cod
data/cod/00000387.jpg,cod
data/cod/00000215.jpg,cod
data/cod/00000135.jpg,cod
data/cod/00000197.jpg,cod
data/cod/00000397.jpg,cod
data/cod/00000092.jpg,cod
data/cod/00000077.jpeg,cod
data/cod/00000393.jpg,cod
data/cod/00000079.jpg,cod
data/cod/00000184.jpg,cod
data/cod/00000276.jpg,cod
data/cod/00000374.jpg,cod
data/cod/00000026.jpg,cod
data/cod/00000311.jpg,cod
data/cod/00000289.jpg,cod
data/cod/00000010.jpg,cod
data/cod/00000000.jpg,cod
data/cod/00000021.jpg,cod
data/cod/00000130.jpg,cod
data/cod/00000327.jpg,cod
data/cod/00000127.jpg,cod
data/cod/00000023.jpg,cod
data/cod/00000348.jpg,cod
data/cod/00000349.jpg,cod
data/cod/00000247.jpg,cod
data/cod/00000363.jpg,cod
data/cod/00000029.jpg,cod
data/cod/00000048.jpg,cod
data/cod/00000162.jpg,cod
data/cod/00000121.jpg,cod
data/cod/00000372.jpg,cod
data/cod/00000117.jpg,cod
data/cod/00000286.jpg,cod
data/cod/00000146.jpg,cod
data/cod/00000368.jpg,cod
data/cod/00000096.jpg,cod
data/cod/00000200.jpg,cod
data/cod/00000237.jpg,cod
data/cod/00000170.jpg,cod
data/cod/00000137.jpg,cod
data/cod/00000132.jpg,cod
data/cod/00000392.jpg,cod
data/cod/00000111.jpg,cod
data/cod/00000185.jpg,cod
data/cod/00000042.jpg,cod
data/cod/00000225.jpg,cod
data/cod/00000028.jpg,cod
data/cod/00000241.jpg,cod
data/cod/00000378.jpg,cod
data/cod/00000190.jpg,cod
data/cod/00000316.jpg,cod
data/cod/00000033.jpg,cod
data/cod/00000057.png,cod
data/cod/00000238.jpg,cod
data/cod/00000278.jpg,cod
data/cod/00000161.jpg,cod
data/cod/00000250.jpg,cod
data/cod/00000270.png,cod
data/cod/00000326.jpg,cod
data/cod/00000356.jpg,cod
data/cod/00000074.jpg,cod
data/cod/00000167.jpg,cod
data/cod/00000314.jpg,cod
data/cod/00000223.jpg,cod
data/cod/00000114.jpg,cod
data/cod/00000255.jpg,cod
data/cod/00000320.jpg,cod
data/cod/00000256.png,cod
data/cod/00000287.jpg,cod
data/cod/00000159.jpg,cod
data/cod/00000031.jpg,cod
data/cod/00000288.jpg,cod
data/cod/00000036.jpg,cod
data/cod/00000206.jpg,cod
data/cod/00000216.jpg,cod
data/cod/00000301.jpg,cod
data/cod/00000027.jpg,cod
data/cod/00000060.jpg,cod
data/cod/00000038.jpg,cod
data/cod/00000352.jpg,cod
data/cod/00000210.jpg,cod
data/cod/00000198.jpg,cod
data/cod/00000058.jpg,cod
data/cod/00000032.jpg,cod
data/cod/00000380.jpg,cod
data/cod/00000309.jpg,cod
data/cod/00000112.jpg,cod
data/cod/00000066.jpg,cod
data/cod/00000362.jpg,cod
data/cod/00000125.png,cod
data/cod/00000295.jpg,cod
data/cod/00000171.jpg,cod
data/cod/00000126.jpg,cod
data/cod/00000212.jpg,cod
data/cod/00000144.jpg,cod
data/cod/00000017.jpg,cod
data/cod/00000078.jpg,cod
data/cod/00000128.jpg,cod
data/cod/00000076.jpg,cod
data/cod/00000282.jpg,cod
data/cod/00000149.jpg,cod
data/cod/00000104.jpg,cod
data/cod/00000244.jpg,cod
data/cod/00000187.jpg,cod
data/cod/00000226.jpg,cod
data/cod/00000342.jpg,cod
data/cod/00000164.jpg,cod
data/cod/00000134.jpg,cod
data/cod/00000165.jpg,cod
data/cod/00000257.jpg,cod
data/cod/00000236.jpg,cod
data/cod/00000139.jpg,cod
data/cod/00000328.jpg,cod
data/cod/00000005.jpg,cod
data/cod/00000207.jpg,cod
data/cod/00000228.jpg,cod
data/cod/00000095.png,cod
data/cod/00000061.jpg,cod
data/cod/00000306.jpg,cod
data/cod/00000025.jpg,cod
data/cod/00000290.jpg,cod
data/cod/00000344.jpg,cod
data/cod/00000383.jpg,cod
data/cod/00000386.png,cod
data/cod/00000246.jpg,cod
data/cod/00000168.jpg,cod
data/cod/00000268.jpg,cod
data/cod/00000277.png,cod
data/cod/00000279.jpg,cod
data/cod/00000002.jpg,cod
data/cod/00000254.jpg,cod
data/cod/00000115.jpg,cod
data/cod/00000340.jpg,cod
data/cod/00000252.jpg,cod
data/cod/00000322.jpg,cod
data/cod/00000062.jpg,cod
data/cod/00000260.jpg,cod
data/cod/00000037.jpg,cod
data/cod/00000085.jpg,cod
data/cod/00000217.jpg,cod
data/cod/00000143.png,cod
data/cod/00000191.jpg,cod
data/cod/00000090.jpg,cod
data/cod/00000379.jpg,cod
data/cod/00000195.jpg,cod
data/cod/00000394.jpg,cod
data/cod/00000353.jpg,cod
data/cod/00000265.jpg,cod
data/cod/00000119.jpg,cod
data/cod/00000173.jpg,cod
data/cod/00000068.jpg,cod
data/cod/00000019.jpg,cod
data/cod/00000307.jpg,cod
data/cod/00000059.jpg,cod
data/cod/00000341.jpg,cod
data/cod/00000043.jpg,cod
data/cod/00000176.jpg,cod
data/cod/00000284.jpg,cod
data/cod/00000261.jpg,cod
data/cod/00000073.jpg,cod
data/cod/00000086.jpg,cod
data/cod/00000219.jpg,cod
data/cod/00000118.png,cod
data/cod/00000098.jpg,cod
data/cod/00000087.jpg,cod
data/cod/00000004.jpg,cod
data/cod/00000193.jpg,cod
data/cod/00000235.jpg,cod
